Population Density(sq mi)▼,Zip , Population
"146,955.30",10028 ,"46,169"
"132,677.40",10128 ,"62,447"
"132,095.70",10075 ,"24,377"
"129,548.90",10025 ,"97,373"
"123,875.90",10023 ,"60,762"
"120,133.30",10040 ,"45,278"
"115,461.70",10026 ,"38,372"
"110,137.50",10162 ,"1,252"
"108,864.60",10021 ,"42,142"
"105,863.10",10030 ,"29,530"
"102,965.20",10005 ,"7,570"
"100,237.00",10009 ,"61,806"
"100,108.60",10033 ,"60,520"
"98,998.80",10003 ,"57,068"
"94,363.10",10029 ,"77,857"
"94,164.60",10016 ,"50,112"
"90,849.30",10002 ,"79,894"
"90,523.60",10031 ,"58,912"
"90,074.70",10456 ,"91,737"
"89,842.80",10032 ,"59,069"
"86,656.00",11109 ,"4,337"
"85,787.30",10453 ,"79,002"
"85,703.20",11372 ,"63,202"
"82,215.90",10065 ,"31,761"
"80,408.90",10011 ,"52,941"
"78,604.40",10010 ,"30,708"
"76,855.10",10012 ,"24,846"
"76,427.70",10452 ,"75,252"
"76,237.10",11226 ,"98,299"
"75,597.10",10458 ,"76,276"
"72,357.30",10027 ,"63,057"
"70,556.60",10038 ,"20,997"
"69,066.60",10024 ,"59,249"
"68,340.70",10037 ,"18,041"
"68,090.00",11104 ,"26,555"
"68,058.90",10022 ,"29,699"
"67,476.60",10282 ,"5,903"
"67,444.40",11225 ,"59,613"
"66,913.80",10457 ,"71,015"
"66,609.40",11219 ,"98,719"
"66,519.90",10468 ,"72,683"
"66,309.00",10472 ,"69,659"
"65,936.50",11373 ,"100,713"
"63,671.90",10280 ,"8,817"
"60,559.10",11221 ,"83,773"
"59,083.40",10459 ,"48,269"
"58,197.90",11216 ,"54,440"
"57,987.20",11206 ,"83,180"
"57,520.90",11213 ,"62,756"
"57,057.90",11212 ,"87,751"
"56,986.10",10019 ,"38,752"
"56,785.40",11220 ,"101,715"
"56,097.40",10455 ,"39,951"
"56,042.60",10039 ,"25,952"
"55,901.70",10014 ,"31,835"
"55,400.80",11237 ,"55,258"
"54,427.50",10036 ,"24,127"
"53,801.60",11103 ,"38,257"
"53,018.60",10069 ,"5,523"
"52,602.70",11218 ,"75,132"
"51,663.60",11233 ,"69,637"
"51,271.50",10462 ,"76,114"
"51,150.50",11217 ,"38,567"
"50,847.00",10017 ,"16,278"
"50,567.50",11204 ,"80,349"
"49,860.20",10044 ,"12,050"
"48,772.70",10013 ,"26,937"
"48,298.20",11355 ,"83,799"
"47,323.00",11230 ,"87,064"
"47,063.60",10451 ,"47,818"
"46,994.10",11238 ,"51,959"
"45,618.80",11205 ,"43,320"
"45,091.80",10463 ,"71,238"
"44,728.90",11374 ,"41,792"
"44,604.30",10460 ,"58,676"
"44,344.00",11106 ,"38,633"
"43,215.00",11102 ,"35,027"
"42,831.50",11419 ,"48,370"
"42,589.30",10467 ,"99,251"
"41,367.10",11368 ,"110,385"
"41,282.40",10007 ,"6,748"
"40,852.40",11210 ,"67,042"
"40,359.90",11214 ,"88,297"
"39,908.00",11211 ,"94,681"
"39,701.20",13024 ,"1,649"
"39,596.10",11201 ,"56,488"
"39,018.00",11416 ,"25,973"
"37,885.90",10034 ,"42,672"
"37,337.70",11369 ,"39,862"
"37,176.20",10454 ,"38,751"
"36,953.70",11223 ,"76,651"
"36,715.20",11229 ,"81,351"
"36,638.70",10001 ,"22,767"
"35,998.70",11435 ,"54,523"
"35,892.50",11203 ,"77,011"
"35,171.00",11375 ,"69,652"
"34,994.60",11207 ,"93,465"
"34,924.50",11377 ,"88,939"
"34,477.30",10466 ,"69,657"
"33,569.80",11209 ,"72,582"
"33,477.10",11415 ,"19,020"
"33,185.40",11421 ,"42,745"
"32,301.30",11549 ,"2,337"
"32,132.00",10006 ,"2,950"
"31,902.90",11215 ,"70,156"
"31,333.90",11228 ,"46,059"
"31,000.30",11235 ,"75,622"
"29,168.00",10469 ,"72,241"
"29,032.70",11432 ,"62,395"
"28,199.30",11417 ,"31,556"
"27,472.60",11385 ,"100,132"
"27,434.50",10473 ,"59,948"
"27,032.20",11224 ,"42,698"
"26,919.90",11236 ,"97,714"
"26,694.60",11208 ,"92,262"
"25,657.80",11354 ,"56,433"
"25,497.30",11370 ,"36,271"
"25,054.80",10018 ,"8,062"
"24,895.70",10035 ,"34,760"
"24,574.30",11428 ,"20,461"
"24,496.20",10475 ,"44,582"
"24,438.20",11433 ,"37,927"
"24,139.50",11420 ,"50,162"
"23,800.00",11231 ,"34,605"
"23,620.50",11436 ,"18,609"
"22,943.80",11232 ,"29,452"
"22,891.50",11412 ,"37,690"
"22,718.10",11423 ,"32,053"
"22,559.50",11105 ,"36,816"
"22,504.50",11418 ,"36,751"
"22,228.30",11239 ,"12,943"
"21,850.80",10461 ,"52,435"
"21,824.80",11691 ,"62,577"
"21,534.90",11222 ,"34,580"
"21,141.00",11429 ,"27,506"
"19,743.00",11434 ,"65,255"
"19,305.30",11358 ,"37,634"
"18,716.30",10550 ,"37,421"
"18,198.30",10601 ,"11,524"
"17,807.30",10705 ,"39,817"
"17,550.60",14627 ,"2,703"
"17,220.90",11379 ,"35,725"
"17,155.70",11365 ,"43,138"
"17,077.70",11361 ,"30,352"
"16,821.40",11692 ,"17,970"
"16,406.00",11411 ,"19,177"
"16,209.80",11367 ,"41,582"
"15,915.90",11422 ,"32,589"
"15,742.20",11694 ,"21,507"
"15,145.90",11356 ,"23,800"
"15,106.60",10302 ,"18,043"
"15,069.70",10308 ,"29,805"
"14,883.00",11427 ,"23,460"
"14,782.40",11004 ,"14,045"
"14,510.90",10553 ,"10,032"
"14,486.20",11357 ,"40,588"
"14,342.20",11426 ,"19,348"
"14,153.30",11364 ,"34,902"
"14,115.90",10701 ,"59,628"
"13,974.80",11360 ,"19,916"
"13,767.70",10310 ,"24,719"
"13,517.10",10465 ,"46,360"
"13,416.80",11550 ,"57,224"
"13,307.10",11413 ,"41,689"
"12,240.30",10552 ,"20,339"
"12,105.70",11001 ,"27,156"
"12,045.10",11414 ,"28,742"
"12,022.90",10801 ,"41,265"
"12,011.80",11794 ,"3,317"
"12,009.80",11366 ,"13,146"
"11,859.20",10703 ,"20,894"
"11,823.20",14201 ,"12,872"
"11,820.80",11378 ,"30,854"
"11,635.10",11005 ,"2,123"
"11,571.80",10503 ,172
"11,511.20",14853 ,"2,883"
"11,447.60",10606 ,"17,293"
"11,415.90",11234 ,"95,610"
"11,370.40",11693 ,"11,338"
"11,305.50",14222 ,"14,519"
"11,108.00",10704 ,"31,198"
"10,890.20",12222 ,"5,966"
"10,819.60",10805 ,"18,898"
"10,783.50",10304 ,"41,864"
"10,740.70",10301 ,"39,367"
"10,732.70",11003 ,"44,907"
"10,586.90",11580 ,"41,525"
"10,548.50",11010 ,"25,054"
"10,433.30",10470 ,"14,880"
"10,426.80",14619 ,"15,237"
"10,138.90",12210 ,"9,147"
"9,880.30",14213 ,"23,468"
"9,698.00",10305 ,"41,471"
"9,694.60",12307 ,"6,951"
"9,670.30",13203 ,"16,437"
"9,598.30",14607 ,"16,159"
"9,589.20",11563 ,"22,984"
"9,406.90",14209 ,"8,597"
"9,347.40",11501 ,"19,155"
"9,310.60",11575 ,"16,674"
"9,268.20",11101 ,"25,317"
"8,807.10",11561 ,"37,599"
"8,778.80",11363 ,"7,625"
"8,667.70",13902 ,"6,172"
"8,601.30",11516 ,"7,513"
"8,479.30",11040 ,"40,799"
"8,459.80",10471 ,"21,935"
"8,169.20",14621 ,"34,576"
"8,104.30",10707 ,"10,525"
"8,086.20",14215 ,"39,786"
"7,987.60",11596 ,"10,638"
"7,972.40",10474 ,"12,223"
"7,913.00",11520 ,"43,632"
"7,910.30",14208 ,"10,918"
"7,901.10",11565 ,"8,820"
"7,872.40",14216 ,"22,203"
"7,812.70",10312 ,"61,105"
"7,754.20",14301 ,"12,965"
"7,735.10",11726 ,"21,102"
"7,691.50",10303 ,"24,348"
"7,632.30",11756 ,"42,321"
"7,621.60",10307 ,"15,006"
"7,552.50",11553 ,"26,506"
"7,504.40",14605 ,"13,737"
"7,413.30",11570 ,"27,896"
"7,398.20",12206 ,"15,757"
"7,348.70",11762 ,"23,053"
"7,337.10",11021 ,"17,478"
"7,305.40",10708 ,"22,497"
"7,287.30",10306 ,"54,888"
"7,209.60",11581 ,"20,956"
"7,133.40",14217 ,"22,911"
"6,994.50",11362 ,"17,897"
"6,954.60",11510 ,"33,430"
"6,929.10",10573 ,"38,656"
"6,910.60",14214 ,"19,743"
"6,861.30",11590 ,"45,972"
"6,762.00",11518 ,"10,065"
"6,755.80",14608 ,"12,377"
"6,695.10",12604 ,660
"6,690.40",11507 ,"7,224"
"6,672.10",14223 ,"22,901"
"6,568.30",12308 ,"15,187"
"6,556.50",14613 ,"12,212"
"6,448.40",10709 ,"9,347"
"6,363.10",11710 ,"35,151"
"6,349.80",14220 ,"24,525"
"6,320.40",11757 ,"44,923"
"6,234.40",11552 ,"22,949"
"6,108.10",11598 ,"12,927"
"6,107.40",13210 ,"27,905"
"6,095.50",10314 ,"87,524"
"6,093.90",14611 ,"17,773"
"5,985.90",11801 ,"39,805"
"5,980.90",11554 ,"37,513"
"5,935.60",14207 ,"23,285"
"5,916.80",11783 ,"21,170"
"5,883.70",10927 ,"12,060"
"5,793.90",11514 ,"5,197"
"5,759.30",13202 ,"5,745"
"5,754.40",14212 ,"10,974"
"5,701.40",10803 ,"12,523"
"5,657.80",10710 ,"27,388"
"5,616.70",14620 ,"25,689"
"5,591.70",10119 ,92
"5,584.00",11023 ,"9,955"
"5,524.40",12209 ,"11,844"
"5,513.40",11572 ,"28,901"
"5,465.60",14609 ,"44,103"
"5,456.00",10977 ,"60,650"
"5,446.40",13205 ,"18,788"
"5,443.80",10603 ,"17,924"
"5,441.60",11717 ,"59,449"
"5,402.40",10004 ,"3,024"
"5,391.30",11714 ,"23,313"
"5,388.10",13208 ,"22,490"
"5,274.40",11566 ,"33,791"
"5,183.90",10566 ,"23,875"
"5,169.80",11701 ,"27,423"
"5,160.20",14211 ,"20,885"
"5,138.10",11703 ,"16,249"
"5,099.10",11722 ,"37,181"
"5,097.20",12208 ,"21,417"
"4,957.90",14204 ,"8,905"
"4,937.60",10309 ,"33,382"
"4,922.90",11704 ,"40,685"
"4,819.20",14616 ,"28,638"
"4,811.80",11758 ,"55,900"
"4,810.70",11784 ,"26,312"
"4,753.20",11579 ,"5,336"
"4,743.90",10543 ,"20,250"
"4,739.60",14261 ,"5,680"
"4,689.50",11803 ,"28,445"
"4,650.60",11096 ,"7,884"
"4,609.40",10538 ,"16,803"
"4,547.50",10952 ,"41,619"
"4,527.30",10522 ,"11,001"
"4,495.60",13204 ,"19,984"
"4,465.40",14206 ,"21,670"
"4,372.00",11729 ,"27,409"
"4,367.10",13501 ,"38,464"
"4,347.60",10923 ,"8,705"
"4,307.90",14604 ,"1,651"
"4,282.60",10993 ,"5,069"
"4,280.60",11558 ,"8,646"
"4,256.30",13207 ,"13,352"
"4,197.60",11577 ,"12,788"
"4,172.40",11795 ,"25,536"
"4,139.50",14210 ,"13,787"
"4,134.20",14226 ,"28,593"
"4,129.40",14445 ,"7,892"
"4,095.20",14802 ,"4,260"
"4,068.60",14614 ,"1,136"
"4,051.40",13206 ,"15,997"
"4,010.30",11542 ,"27,691"
"3,991.90",12202 ,"9,066"
"3,976.90",11950 ,"16,969"
"3,951.20",11530 ,"28,155"
"3,931.00",10968 ,"2,301"
"3,828.50",11741 ,"28,651"
"3,804.00",11755 ,"12,329"
"3,728.20",10960 ,"15,637"
"3,721.50",11776 ,"25,675"
"3,650.50",11767 ,"15,259"
"3,605.90",11706 ,"65,865"
"3,603.40",11720 ,"29,374"
"3,565.90",12801 ,"14,574"
"3,471.60",10605 ,"17,671"
"3,457.70",11731 ,"28,969"
"3,438.90",10954 ,"23,678"
"3,402.00",11557 ,"7,364"
"3,348.60",11793 ,"32,710"
"3,340.60",14778 ,"1,388"
"3,335.10",11709 ,"6,724"
"3,332.30",10804 ,"14,850"
"3,322.90",10528 ,"12,720"
"3,308.30",11738 ,"17,643"
"3,295.50",11727 ,"29,987"
"3,293.30",12304 ,"22,537"
"3,289.80",11569 ,"1,284"
"3,240.50",10530 ,"12,431"
"3,220.70",11718 ,"3,117"
"3,220.20",11798 ,"15,362"
"3,186.20",10583 ,"39,510"
"3,177.10",11751 ,"14,679"
"3,172.90",12929 ,"3,778"
"3,116.30",14610 ,"13,679"
"3,109.70",12305 ,"4,923"
"3,102.30",11735 ,"32,499"
"3,076.80",13219 ,"15,318"
"3,039.90",11020 ,"6,120"
"3,018.20",10706 ,"8,734"
"3,012.90",10607 ,"6,727"
"3,005.70",11779 ,"38,733"
"2,995.00",11753 ,"11,657"
"2,970.50",14606 ,"29,076"
"2,942.70",13224 ,"8,767"
"2,935.90",11725 ,"28,646"
"2,935.10",14202 ,"3,570"
"2,920.80",11789 ,"7,659"
"2,887.70",12085 ,507
"2,871.50",11746 ,"68,580"
"2,812.30",14617 ,"22,776"
"2,800.70",14168 ,111
"2,800.40",10983 ,"5,727"
"2,799.80",14225 ,"33,228"
"2,797.80",12183 ,"2,612"
"2,792.20",14150 ,"41,908"
"2,792.10",14043 ,"24,267"
"2,762.10",13088 ,"22,012"
"2,740.00",11796 ,"4,012"
"2,732.80",10965 ,"14,878"
"2,720.10",11772 ,"45,262"
"2,713.30",13475 ,41
"2,697.00",12189 ,"17,675"
"2,696.10",12203 ,"30,926"
"2,682.10",11782 ,"15,045"
"2,670.60",14615 ,"15,579"
"2,651.80",14227 ,"22,950"
"2,643.70",13116 ,"3,492"
"2,643.60",11742 ,"13,229"
"2,640.00",13495 ,"2,304"
"2,628.30",10532 ,"4,906"
"2,587.90",14904 ,"15,411"
"2,579.60",13410 ,255
"2,566.10",11050 ,"30,583"
"2,564.30",11740 ,"9,507"
"2,555.10",11715 ,"4,335"
"2,551.40",11576 ,"12,325"
"2,545.60",11030 ,"17,295"
"2,545.10",10502 ,"5,396"
"2,544.80",11548 ,"2,328"
"2,535.40",11790 ,"18,627"
"2,502.50",11752 ,"9,351"
"2,472.20",14303 ,"6,073"
"2,460.10",14720 ,603
"2,439.90",13214 ,"8,938"
"2,403.10",11732 ,"3,671"
"2,396.10",10596 ,"1,629"
"2,371.30",10523 ,"8,563"
"2,350.60",14221 ,"54,109"
"2,316.30",11787 ,"36,357"
"2,303.00",10517 ,756
"2,294.50",11754 ,"19,201"
"2,276.30",10591 ,"23,037"
"2,242.90",13417 ,"2,925"
"2,233.80",12601 ,"42,608"
"2,221.60",11967 ,"27,115"
"2,214.30",12417 ,762
"2,210.10",14218 ,"18,943"
"2,197.80",14618 ,"21,367"
"2,194.40",10562 ,"31,453"
"2,175.20",14626 ,"29,735"
"2,165.10",14905 ,"9,414"
"2,162.20",14622 ,"12,042"
"2,127.80",14112 ,85
"2,109.90",11763 ,"29,217"
"2,100.40",12466 ,"2,180"
"2,097.70",10996 ,"6,892"
"2,090.00",14305 ,"17,249"
"2,088.20",11705 ,"7,571"
"2,074.20",10533 ,"7,484"
"2,073.20",10594 ,"5,201"
"2,061.20",14068 ,"7,131"
"1,994.50",13090 ,"30,295"
"1,988.20",13643 ,72
"1,979.00",11509 ,"2,232"
"1,968.90",14224 ,"40,002"
"1,965.70",10976 ,"2,266"
"1,957.80",12047 ,"20,086"
"1,954.80",13603 ,"10,727"
"1,947.30",10580 ,"17,322"
"1,941.00",12303 ,"29,906"
"1,937.30",10984 ,"3,117"
"1,920.80",13212 ,"20,348"
"1,909.80",10570 ,"12,592"
"1,902.40",11791 ,"25,213"
"1,888.80",11024 ,"7,789"
"1,884.30",11788 ,"16,167"
"1,880.30",10956 ,"31,090"
"1,871.10",12903 ,"1,086"
"1,853.90",11713 ,"9,530"
"1,836.90",11697 ,"4,078"
"1,811.70",10989 ,"10,113"
"1,804.90",11769 ,"8,716"
"1,799.00",14302 ,25
"1,787.50",14514 ,"6,719"
"1,749.20",14612 ,"34,668"
"1,747.90",11547 ,797
"1,732.10",11804 ,"5,000"
"1,724.20",12205 ,"27,395"
"1,717.40",12309 ,"29,992"
"1,716.90",12130 ,"1,025"
"1,716.70",14109 ,813
"1,712.50",11951 ,"13,401"
"1,685.80",10920 ,"8,682"
"1,676.70",11797 ,"8,645"
"1,671.80",11766 ,"12,718"
"1,665.60",10537 ,"1,952"
"1,653.90",12204 ,"7,277"
"1,645.50",11721 ,"6,482"
"1,639.80",11559 ,"8,402"
"1,621.00",13062 ,303
"1,612.80",13103 ,575
"1,589.00",13352 ,293
"1,564.10",11934 ,"7,929"
"1,558.70",11778 ,"12,747"
"1,548.60",11739 ,"1,421"
"1,542.30",10511 ,"2,349"
"1,530.70",11702 ,"14,512"
"1,530.30",12550 ,"54,903"
"1,528.90",11749 ,"3,346"
"1,528.40",14504 ,"1,739"
"1,519.00",11730 ,"14,204"
"1,503.80",11747 ,"19,793"
"1,496.80",11743 ,"43,533"
"1,482.00",14219 ,"10,912"
"1,461.20",11777 ,"9,448"
"1,447.80",13211 ,"6,819"
"1,442.80",12110 ,"21,837"
"1,431.50",12211 ,"11,503"
"1,426.40",13321 ,"1,175"
"1,413.10",10604 ,"11,397"
"1,393.40",14585 ,69
"1,379.30",10979 ,201
"1,356.30",14228 ,"21,887"
"1,349.10",12508 ,"19,742"
"1,347.10",14120 ,"44,800"
"1,336.40",14623 ,"26,003"
"1,335.80",10913 ,"5,657"
"1,333.30",12603 ,"43,411"
"1,325.00",13461 ,"3,072"
"1,313.10",10547 ,"6,913"
"1,313.10",13319 ,"1,164"
"1,307.90",10548 ,"3,214"
"1,297.60",14722 ,430
"1,289.60",10950 ,"48,838"
"1,289.30",14304 ,"28,605"
"1,289.00",14450 ,"41,414"
"1,282.70",10901 ,"23,195"
"1,278.20",14624 ,"35,918"
"1,276.20",14625 ,"9,990"
"1,268.40",11716 ,"11,134"
"1,262.90",12803 ,"8,093"
"1,261.20",10464 ,"4,532"
"1,252.60",11764 ,"12,969"
"1,245.80",14441 ,444
"1,245.50",10595 ,"8,577"
"1,244.80",10588 ,"2,518"
"1,238.10",12207 ,"1,506"
"1,230.80",12456 ,690
"1,229.00",14526 ,"20,609"
"1,227.90",11953 ,"12,688"
"1,227.20",14051 ,"20,133"
"1,209.30",12471 ,672
"1,203.30",10505 ,785
"1,196.10",14756 ,164
"1,180.90",12084 ,"4,281"
"1,177.20",12065 ,"42,249"
"1,170.50",13157 ,718
"1,164.30",14788 ,245
"1,163.80",10915 ,168
"1,140.30",14580 ,"50,946"
"1,122.80",14774 ,200
"1,121.20",14592 ,187
"1,120.80",10535 ,573
"1,107.40",12054 ,"17,139"
"1,102.30",10589 ,"9,376"
"1,101.40",11545 ,"12,653"
"1,075.60",14588 ,259
"1,073.90",14075 ,"42,837"
"1,072.00",10545 ,135
"1,068.20",10994 ,"6,931"
"1,063.00",14539 ,225
"1,055.70",14827 ,95
"1,055.10",13677 ,240
"1,043.40",12182 ,"14,937"
"1,041.80",13435 ,217
"1,038.10",14169 ,320
"1,037.40",12144 ,"20,244"
"1,034.90",10510 ,"10,391"
"1,028.80",11733 ,"17,065"
"1,018.60",10546 ,"1,149"
"1,016.70",13209 ,"13,047"
"1,010.00",14586 ,"11,452"
"1,009.70",10598 ,"29,699"
"1,009.50",13905 ,"27,543"
"1,004.40",12590 ,"35,148"
997.3,10514 ,"12,915"
993.6,14534 ,"32,399"
993.1,10541 ,"26,355"
992.7,12553 ,"25,395"
979.9,14085 ,"7,167"
976,11780 ,"15,099"
973.9,12524 ,"15,984"
969.7,12565 ,"1,450"
957.4,14742 ,215
956.8,10507 ,"7,039"
951.2,12180 ,"53,218"
945.8,14026 ,712
942.7,14086 ,"32,159"
934.6,11961 ,"12,041"
934,13341 ,172
928.8,10577 ,"6,269"
923.8,10962 ,"5,677"
920.6,12177 ,596
919.3,11042 ,542
907.4,13628 ,211
902.1,11955 ,"2,780"
898.3,13760 ,"44,585"
894.1,10567 ,"20,197"
890,14480 ,"1,166"
886.7,14467 ,"9,784"
880.4,11940 ,"4,982"
879.1,11786 ,"6,550"
871.3,12432 ,530
870.3,10520 ,"13,107"
868.1,12449 ,"3,301"
861.2,12527 ,134
845.3,12453 ,417
838.8,11946 ,"13,312"
838.2,10992 ,"9,324"
830.5,11560 ,"6,334"
820.2,11768 ,"21,687"
815.3,10549 ,"16,165"
813.1,13413 ,"16,227"
792.9,12188 ,"11,138"
791.5,11970 ,466
789.3,13901 ,"19,006"
785.7,13039 ,"17,759"
776.4,13492 ,"11,710"
775,10925 ,"4,300"
773.6,13066 ,"11,809"
765.9,10501 ,"1,073"
765.1,12520 ,"3,042"
753.6,13362 ,208
751.7,14126 ,685
745.1,11941 ,"1,929"
744.7,13647 ,68
737.7,14752 ,185
736,14127 ,"30,329"
735.4,10940 ,"48,512"
731.1,10928 ,"4,029"
731,14035 ,167
726.3,10933 ,797
725.9,14072 ,"20,580"
715.7,12979 ,"2,433"
714.9,12722 ,199
710.7,11792 ,"8,941"
707.2,12150 ,842
703.6,11724 ,"2,853"
701.8,12172 ,310
698.8,12574 ,352
693.7,10964 ,"1,711"
689,10970 ,"9,716"
659,14854 ,15
643.9,11771 ,"9,344"
638.4,12302 ,"27,809"
636.6,13163 ,342
636.3,10930 ,"8,938"
631.1,13031 ,"15,345"
618.3,12077 ,"6,481"
611.1,14425 ,"11,415"
610.6,13790 ,"17,858"
598.7,10922 ,"1,406"
598.3,13502 ,"32,415"
589.8,13041 ,"11,023"
589,12518 ,"5,889"
588.2,12884 ,293
588.1,14092 ,"11,595"
582.9,10926 ,"3,256"
582.6,12306 ,"25,494"
581.4,12401 ,"34,752"
579,12198 ,"7,723"
575.4,11944 ,"4,338"
557.4,12159 ,"7,878"
551.6,12504 ,"1,260"
549.6,10980 ,"13,746"
549.4,11719 ,"3,372"
547.3,13051 ,129
535,11972 ,"1,295"
529.5,14893 ,12
528.8,13138 ,21
527.4,13859 ,269
525.4,12533 ,"25,936"
524.1,12866 ,"37,268"
523,12538 ,"13,900"
522.9,10917 ,"1,959"
518.6,12027 ,"3,731"
518.4,13057 ,"14,547"
517.6,14850 ,"65,647"
512.3,14031 ,"9,710"
509.1,10921 ,"4,138"
508.4,11901 ,"30,631"
501.2,10590 ,"7,026"
499.2,12586 ,"12,035"
497,10509 ,"19,605"
497,12411 ,475
496.5,12019 ,"14,893"
484.8,14537 ,164
483.3,11948 ,"1,315"
481.5,12061 ,"9,747"
480.7,14048 ,"14,718"
478.1,12804 ,"26,477"
477.1,12008 ,480
476.2,14506 ,"1,374"
475.2,11568 ,"4,240"
474.2,13087 ,177
472.5,13134 ,39
471.4,10527 ,"1,156"
467.6,12582 ,"6,165"
467.3,13903 ,"18,735"
466.6,14047 ,"6,596"
460.5,14203 ,"1,751"
458.3,13113 ,238
455.1,13102 ,27
454.3,14173 ,263
453.7,13027 ,"31,724"
453.5,13215 ,"15,409"
448.2,10526 ,"1,714"
446.1,14901 ,"17,019"
441.9,12118 ,"14,569"
441.1,12472 ,"1,646"
440.4,11977 ,"2,570"
438.6,12933 ,12
434.1,14701 ,"40,232"
433,10504 ,"7,885"
430.1,11942 ,"4,092"
429.7,10518 ,"1,505"
428.7,14559 ,"18,336"
428.3,13664 ,439
428.2,12901 ,"32,843"
426.9,13838 ,"4,450"
426.6,11963 ,"6,811"
424.6,13850 ,"22,080"
422.3,10512 ,"25,467"
421.2,10173 ,2
421.2,10941 ,"13,572"
421,12839 ,"13,784"
420,11971 ,"6,376"
419.5,12542 ,"6,088"
414.6,13029 ,"7,506"
414.2,14094 ,"50,605"
413,13904 ,"9,626"
411.8,11949 ,"14,340"
408,12486 ,"1,461"
405.1,12020 ,"31,729"
403.4,13305 ,387
398.3,10919 ,"1,647"
397,12771 ,"14,041"
396.7,10165 ,2
393.9,13616 ,"2,184"
391.3,14102 ,"1,494"
388.3,12821 ,"2,178"
388.2,14750 ,"4,309"
385.4,10536 ,"10,725"
379.4,11960 ,744
372.5,12045 ,325
371,13115 ,172
369.5,13440 ,"42,221"
366.8,11980 ,"4,856"
365.1,14059 ,"9,834"
363.8,14006 ,"9,612"
363.4,13602 ,"3,633"
357.9,13162 ,637
357,11952 ,"4,518"
356.8,12911 ,49
356,13357 ,"11,280"
354.9,12196 ,"3,214"
350.7,10918 ,"11,700"
349.3,10199 ,9
347,12563 ,"8,106"
345.9,12570 ,"7,533"
343.9,13104 ,"16,266"
342.4,14061 ,328
340.8,10924 ,"13,153"
340.6,14564 ,"14,382"
339.9,14420 ,"20,638"
338.4,14032 ,"7,853"
336.2,10578 ,589
335.6,13126 ,"37,190"
335.2,12063 ,479
335.1,13421 ,"14,106"
332.8,14020 ,"23,120"
329.7,12482 ,729
329.6,10963 ,"4,219"
326.8,11968 ,"10,718"
326.6,13021 ,"39,326"
326.5,14468 ,"18,271"
325.5,13350 ,"10,080"
324.3,12733 ,"1,666"
324.1,12051 ,"7,030"
323.2,10990 ,"20,029"
321.1,14903 ,"6,805"
319.9,10506 ,"5,303"
316,12041 ,500
314.4,10597 ,"1,128"
314.1,10974 ,"3,166"
313.6,10103 ,3
312,12528 ,"13,066"
310.4,10973 ,"2,646"
310.1,13020 ,145
307.1,12589 ,"18,005"
305.3,12561 ,"18,423"
300.3,10988 ,947
298.1,12759 ,"1,910"
297.3,12569 ,"9,990"
297.3,12751 ,"1,154"
296.9,14513 ,"14,001"
295.1,13323 ,"11,238"
289.9,13615 ,"1,114"
288.5,12512 ,129
287.6,11935 ,"3,263"
286.9,14063 ,"14,555"
286,13748 ,"3,907"
285.8,13692 ,78
285.2,14502 ,"10,698"
284.8,12033 ,"7,886"
284.4,13469 ,"1,163"
283.6,14519 ,"11,594"
283.5,11556 ,17
283.3,12477 ,"18,797"
283.3,14760 ,"18,208"
283.2,12549 ,"11,138"
282.8,13030 ,"3,792"
282.2,13784 ,132
280.7,13045 ,"30,009"
280,12547 ,"2,947"
279.9,13403 ,"7,579"
275.1,14052 ,"17,072"
272.2,14568 ,"6,465"
272,12124 ,718
271.1,10579 ,"9,264"
269.3,11765 ,745
267.3,13601 ,"38,348"
265.2,14856 ,100
261.7,12143 ,"5,104"
261.6,12148 ,"4,428"
261.3,14845 ,"20,961"
260.8,13078 ,"10,273"
259.9,12754 ,"6,952"
258.4,12831 ,"17,614"
258.1,12089 ,140
255.4,12515 ,"1,284"
254.6,14004 ,"12,284"
254.1,14456 ,"19,865"
253.2,12577 ,"1,526"
251.2,12151 ,684
251,12543 ,"3,035"
249.1,12872 ,76
246.9,14132 ,"6,933"
246.6,13313 ,555
245.4,12086 ,"1,503"
240,13732 ,"8,101"
238.9,13424 ,"2,663"
235.6,12779 ,"2,109"
235.2,10519 ,181
233.6,11770 ,102
232.4,14464 ,"7,272"
228.5,11937 ,"15,446"
228.1,13069 ,"25,297"
228,13164 ,"2,448"
225.6,12721 ,"5,743"
224.7,11978 ,"2,963"
224.2,11956 ,298
222.9,14814 ,"1,984"
222.4,12548 ,"1,352"
221.8,12540 ,"7,634"
221.2,13108 ,"6,460"
220.5,10932 ,33
220.3,14881 ,271
220.1,12498 ,"4,800"
219.7,14454 ,"11,124"
218.4,12174 ,251
217.9,14529 ,85
217,14830 ,"19,679"
216.8,12010 ,"28,926"
215.6,10916 ,"4,374"
215.5,14479 ,319
214.9,14130 ,234
214.8,12158 ,"6,775"
214.5,12078 ,"24,072"
213.5,10560 ,"4,742"
212.5,12069 ,147
212.4,11947 ,138
211.2,13135 ,"6,990"
211.1,13820 ,"22,746"
211,14424 ,"26,862"
210.9,11933 ,"6,358"
210.3,12460 ,434
209.9,14108 ,"5,686"
209.4,12161 ,87
209.4,12490 ,110
208.5,13037 ,"8,549"
208.4,10524 ,"4,402"
208.3,12580 ,"4,539"
207.9,10170 ,2
207.7,10171 ,1
207.5,10576 ,"4,842"
206.5,12849 ,564
205.9,11959 ,877
205.1,14174 ,"5,683"
204.6,12443 ,"3,710"
202.8,12487 ,"3,243"
202.7,12513 ,596
202.3,12534 ,"17,846"
200.9,13674 ,118
200.3,12015 ,"2,789"
199.6,12095 ,"12,166"
198.5,13638 ,260
198,14522 ,"9,288"
197.8,13678 ,163
197.4,13082 ,"4,735"
195.6,12186 ,"6,266"
195.3,12475 ,240
194.7,12828 ,"9,291"
194.6,13153 ,174
194.1,12575 ,"1,970"
194.1,12566 ,"10,596"
193.7,12491 ,"1,799"
192.7,12583 ,"2,524"
191.4,14170 ,"2,370"
191.3,12977 ,"1,733"
190.7,12789 ,"1,855"
188.8,14472 ,"8,308"
188.7,12531 ,"3,492"
188.4,12775 ,"2,180"
187.4,14555 ,"1,182"
186.7,14136 ,"5,109"
185.4,12701 ,"10,917"
184.6,12419 ,446
184.3,14892 ,"8,000"
182.3,12863 ,655
180.2,12585 ,901
179.4,14414 ,"7,062"
175.7,13795 ,"3,638"
175.6,13117 ,143
175.4,13662 ,"16,692"
175.3,12564 ,"7,224"
174.8,12140 ,"1,461"
174.6,12184 ,"6,851"
174,12571 ,"10,191"
173.6,12414 ,"10,463"
173,12974 ,"1,393"
173,12018 ,"7,919"
172.7,14589 ,"7,573"
172.1,14870 ,"10,647"
172,10986 ,"1,887"
171.9,12572 ,"8,859"
171.8,13036 ,"8,465"
171.2,10914 ,421
170.9,14057 ,"8,241"
169.4,12594 ,"4,180"
168.6,14716 ,"3,100"
168.1,13148 ,"10,647"
167.5,12451 ,"1,986"
166.2,13346 ,"6,457"
165.8,14487 ,"5,539"
165.8,10516 ,"5,327"
163.2,14432 ,"6,304"
162.9,12106 ,"2,380"
162.1,13032 ,"13,230"
161.8,13612 ,"2,904"
161.2,14511 ,379
160.8,12413 ,"2,645"
160,13076 ,"2,451"
160,12123 ,"5,293"
159.8,13165 ,"10,919"
158.9,12170 ,"4,894"
158.4,11976 ,"2,301"
158.2,12530 ,55
158.1,13669 ,"16,436"
156.6,13641 ,49
155.9,14733 ,"4,352"
155.5,13314 ,606
155.4,14428 ,"8,003"
153.7,13060 ,"2,461"
153.3,13845 ,60
151.9,13655 ,"3,414"
151.4,12489 ,943
151.3,13456 ,"4,246"
150,12578 ,"2,372"
149.1,12025 ,"5,471"
148.8,14011 ,"9,957"
148.8,14475 ,227
148.3,10969 ,"1,665"
148.1,14001 ,"9,790"
143.7,14025 ,"3,210"
143.6,10998 ,"2,699"
142.3,12037 ,"4,416"
141.7,13132 ,"3,420"
141,14808 ,475
141,14482 ,"8,265"
140.7,10931 ,908
140.5,14546 ,"4,843"
139.9,12871 ,"4,282"
139.7,14865 ,"2,787"
139.5,12787 ,490
138.4,14135 ,143
138.4,12962 ,"6,009"
138.4,12516 ,"2,168"
137.2,13476 ,"2,931"
137,12956 ,"1,260"
136.9,12009 ,"7,264"
136.6,12522 ,"5,159"
135.4,12043 ,"8,396"
134.9,14548 ,"4,056"
134.6,12420 ,569
134.4,12742 ,290
134.2,12864 ,28
133.8,13340 ,"7,788"
133.7,13166 ,"5,565"
133.4,14712 ,"3,483"
133.4,14103 ,"10,728"
132.3,12507 ,200
131.3,14707 ,261
131.2,14478 ,"1,535"
130.8,14134 ,111
130.8,13080 ,"3,997"
130.2,14485 ,"4,609"
130.1,14033 ,"2,252"
129.9,14551 ,"5,693"
129.7,12070 ,"1,607"
129.3,14843 ,"13,052"
128.9,13815 ,"13,896"
128.8,14744 ,"2,265"
128.1,13053 ,"4,283"
127.6,14411 ,"14,493"
127.3,10958 ,"2,929"
127.2,14041 ,295
127.2,14505 ,"5,050"
126.4,12132 ,235
126.4,13152 ,"8,178"
126.2,12433 ,493
126,13827 ,"11,649"
125.9,13120 ,"2,162"
125.9,12035 ,798
125.4,12056 ,"2,319"
125.2,11939 ,932
124.7,14034 ,"3,205"
124.3,14543 ,"3,174"
123.6,14470 ,"7,930"
123,12428 ,"6,709"
122.2,13490 ,"1,446"
121.7,12788 ,"2,885"
121.6,12514 ,"3,273"
121.4,12192 ,"2,089"
121.1,12484 ,"2,884"
121.1,13623 ,48
120.8,13834 ,47
120.8,12525 ,"2,882"
120.6,14545 ,173
120.5,12978 ,315
120.1,13833 ,"4,309"
119.5,12747 ,"1,722"
119.5,12745 ,192
118.5,13073 ,"6,520"
118.2,12838 ,601
118.2,14882 ,"3,939"
117.7,14070 ,"6,050"
116.9,12526 ,"3,763"
116.3,14172 ,"3,104"
116.1,12833 ,"4,111"
116,14894 ,"1,311"
114.8,12483 ,385
114.4,12438 ,55
114.1,14816 ,442
113.7,13145 ,"1,909"
113.6,12749 ,337
112.4,12176 ,385
112.3,14131 ,"4,828"
111.9,13637 ,"3,945"
111.9,13363 ,"2,375"
111.5,13794 ,80
111.3,13035 ,"8,543"
110.8,13744 ,"1,284"
110.7,13068 ,"5,697"
110.3,13777 ,664
110.3,10953 ,123
110,14067 ,"5,456"
109.3,14787 ,"5,030"
109.1,12845 ,"4,864"
108.7,14141 ,"7,684"
108.5,14530 ,"5,392"
108.3,12090 ,"6,175"
107.3,12859 ,"2,368"
107.1,14466 ,"1,844"
107,13634 ,"4,879"
106.8,12404 ,"3,835"
106.7,14489 ,"7,261"
106.3,13114 ,"6,761"
105.9,13774 ,317
105.7,14769 ,964
105,14125 ,"3,765"
104.8,13074 ,"4,467"
103.9,13676 ,"16,728"
103.4,11964 ,"2,048"
103.3,14532 ,"4,235"
102.7,14810 ,"12,444"
102.6,13685 ,"2,306"
101.9,13112 ,"2,200"
101.8,13160 ,"2,167"
101.6,13408 ,"3,834"
101.3,14028 ,"1,423"
101.3,12458 ,"3,281"
101,12040 ,132
101,14872 ,650
100.9,12790 ,"4,671"
100.5,12173 ,"1,731"
100.3,13607 ,"1,810"
100,13084 ,"4,303"
98.5,12975 ,281
98.4,14469 ,"6,500"
98.4,12738 ,650
98.4,12791 ,646
97.8,12157 ,"4,272"
97,10110 ,1
96.9,13776 ,551
96.9,14471 ,"2,628"
96.8,12729 ,"2,183"
96.8,11954 ,"3,471"
96.7,12485 ,822
96.6,14416 ,"3,606"
96.6,13619 ,"10,706"
96.4,14871 ,"5,561"
96.3,13407 ,"5,280"
96.2,13428 ,"1,530"
96.1,11932 ,"1,008"
95.4,12068 ,"3,006"
95.4,14111 ,"3,456"
95.3,14527 ,"12,923"
95.2,14423 ,"4,828"
94.9,12746 ,"1,376"
94.8,14770 ,"2,836"
94.7,13861 ,419
94.6,12412 ,574
94.2,14036 ,"5,119"
94.1,13110 ,"2,313"
94,13077 ,"6,673"
93.8,14541 ,"4,634"
93.5,12822 ,"6,287"
93,14886 ,"7,236"
92.7,12463 ,"1,006"
91.9,13425 ,"2,348"
91.8,13668 ,"3,484"
91.1,14437 ,"11,314"
90.8,13304 ,"1,600"
90.8,12473 ,"1,363"
90.5,13802 ,912
90.2,12024 ,94
90.2,11930 ,"1,565"
89.8,14476 ,"2,229"
89.7,14105 ,"4,247"
89.5,12195 ,175
89.2,13636 ,286
89.2,11958 ,366
89.1,13167 ,"3,056"
89,14891 ,"4,655"
89,13477 ,"1,802"
88.8,11975 ,359
88.7,12185 ,"2,180"
88.6,12481 ,"1,119"
88.6,14864 ,"1,107"
88.5,12094 ,"2,550"
88.4,12792 ,300
88,14030 ,"1,767"
87.9,13606 ,"3,101"
87.8,14081 ,"3,167"
87.7,12501 ,"2,710"
87.7,12780 ,"2,152"
87.7,13624 ,"5,636"
87.6,14517 ,"2,989"
87.3,12461 ,"2,088"
87.3,13617 ,"11,243"
86.6,12545 ,"4,764"
86.5,14069 ,738
86.4,12431 ,"1,338"
86.1,14895 ,"9,802"
85.4,14867 ,"5,738"
85.3,12440 ,"2,008"
84.9,14139 ,"2,028"
84.6,10987 ,"3,279"
84.5,14550 ,"1,764"
84.4,14080 ,"4,467"
83.9,13806 ,260
83.8,13044 ,"2,352"
83.7,13328 ,"1,328"
83.4,12083 ,"3,639"
82.6,12748 ,"1,825"
82.6,13042 ,"2,799"
82.4,14042 ,"3,783"
82.4,12765 ,"1,033"
82,12465 ,238
81.8,13142 ,"6,141"
81.8,12832 ,"6,624"
81.2,12058 ,"1,586"
81.1,12781 ,346
81.1,13317 ,"3,787"
81,14569 ,"6,216"
80.8,12823 ,351
80.8,13140 ,"4,353"
80.6,14516 ,"2,429"
80.4,13404 ,237
80.4,14040 ,"2,365"
80.1,12752 ,150
79.9,12423 ,"1,016"
79.8,12125 ,"1,434"
79.5,14544 ,"2,247"
79.4,14477 ,"2,089"
79.2,14706 ,"6,294"
79,12075 ,"3,120"
79,14435 ,"2,894"
78.5,13746 ,"2,216"
78.5,14481 ,"1,865"
78.1,12523 ,"1,725"
78,12074 ,"2,849"
78,12137 ,"1,901"
78,13751 ,156
77.8,12405 ,558
77.8,13123 ,184
77.4,12972 ,"6,448"
77.2,13862 ,"4,531"
76.8,13478 ,"2,750"
76.5,13028 ,"1,452"
76.1,13034 ,"1,857"
76.1,14757 ,"3,520"
75.7,13409 ,"2,611"
75.7,14590 ,"5,199"
75.6,13308 ,"2,973"
75.3,13322 ,919
75.3,14012 ,"2,515"
75.3,12844 ,206
75.2,12117 ,"3,426"
75,12919 ,"2,903"
74.5,12961 ,298
74.4,14009 ,"5,532"
74.2,14143 ,"1,076"
73.8,12121 ,"1,739"
73.7,12992 ,"4,697"
73.7,12053 ,"4,605"
73.5,13734 ,"2,703"
73,12953 ,"15,679"
73,13675 ,89
72.9,14521 ,"2,755"
72.4,13310 ,555
72.1,12719 ,"1,275"
71.8,13329 ,"3,837"
71.8,12067 ,"1,551"
71.7,14427 ,"2,202"
71.7,14874 ,166
71.3,14422 ,"2,432"
71.2,12834 ,"6,243"
70.7,13812 ,"2,299"
70.6,12783 ,"2,425"
70.1,06390 ,296
69.8,12921 ,"2,328"
69.8,13651 ,185
69.7,14572 ,"5,228"
69.4,13156 ,"2,162"
69.4,14710 ,"3,359"
69.4,13131 ,"3,682"
69.1,13694 ,"1,581"
69,12154 ,"2,961"
69,12837 ,"1,032"
68.9,13054 ,"1,536"
68.7,14837 ,"5,569"
68.1,12816 ,"4,329"
68,12446 ,"4,633"
67.7,13101 ,"2,648"
67.5,13159 ,"5,357"
67.3,13365 ,"9,134"
67.3,12887 ,"5,695"
67.1,14510 ,"4,700"
66.9,14098 ,"3,079"
66.8,11965 ,621
66.7,12809 ,"3,461"
66.6,14869 ,"1,343"
66.5,13811 ,"4,228"
66,11931 ,36
65.8,12850 ,"3,137"
65.7,14718 ,"2,195"
65.5,13143 ,"2,870"
65,12723 ,"2,090"
64.8,14715 ,"2,816"
64.5,13743 ,"3,794"
64.2,13730 ,"3,185"
64.2,12546 ,"2,960"
63.9,13026 ,"1,799"
63.8,13673 ,"2,228"
63.7,12059 ,"1,698"
63.6,12156 ,955
63.4,13480 ,"3,419"
63.4,13033 ,"3,939"
63.3,12824 ,991
63.2,13354 ,"3,294"
63.2,12592 ,"1,196"
63.1,13797 ,"2,109"
63,12567 ,"2,928"
62.9,11962 ,452
62.4,12785 ,"1,095"
62.3,12885 ,"4,595"
62.2,13339 ,"6,784"
62.1,13825 ,"3,522"
62,14433 ,"4,121"
61.9,14561 ,"3,209"
61.8,13402 ,"1,576"
61.4,13406 ,674
61.3,12883 ,"5,020"
61.2,13118 ,"6,288"
61.2,12066 ,"2,120"
60.8,13778 ,"5,922"
60.7,13122 ,"1,136"
60.7,14525 ,"2,772"
60.6,14005 ,"2,032"
60.6,12429 ,128
60.6,12057 ,"2,130"
60.5,13753 ,"5,710"
60.5,14860 ,"1,270"
60.4,13796 ,"1,357"
60.3,14732 ,135
60.3,13605 ,"4,907"
60.3,13667 ,"3,017"
60.2,13452 ,"4,645"
60.2,12517 ,631
60.2,12918 ,"2,389"
59.9,12766 ,482
59.7,14825 ,"1,007"
59.6,14838 ,"2,160"
59.5,14571 ,"1,123"
59.2,12160 ,"1,058"
59.1,13841 ,730
58.8,13460 ,"4,213"
58.5,14847 ,"2,282"
58.4,12092 ,884
58.4,13733 ,"5,332"
58.3,12115 ,304
58.2,12165 ,188
58.2,13849 ,"3,893"
58.2,14779 ,"6,629"
57.8,12762 ,395
57.7,13326 ,"5,545"
57.4,14740 ,"1,496"
57.4,12062 ,"1,677"
57.1,13865 ,"6,373"
56.8,14533 ,"1,826"
56.7,13809 ,"1,706"
56.5,13345 ,280
56,13111 ,"1,496"
55.8,14883 ,"4,056"
55.7,12167 ,"2,561"
55.6,13842 ,702
55.4,12846 ,"3,289"
55.4,12072 ,"2,697"
55.4,12168 ,"1,937"
55.3,13787 ,"3,543"
55.1,14738 ,"3,641"
55.1,14772 ,"4,087"
54.9,14058 ,"2,190"
54.7,12470 ,537
54.6,10975 ,328
54.6,12939 ,227
54.6,14821 ,"2,967"
54.5,13063 ,"1,901"
54.5,10985 ,14
54.3,12029 ,"1,105"
54.2,13332 ,"2,672"
54.1,12737 ,"2,062"
54.1,14145 ,"1,522"
53.9,14726 ,"2,193"
53.7,13431 ,"1,995"
53.6,12916 ,"2,225"
53.6,13826 ,58
53.4,12811 ,92
53.3,12865 ,"3,876"
53.3,13642 ,"9,849"
53.3,12957 ,"1,702"
53.3,14817 ,"2,151"
53.2,12457 ,743
52.7,12734 ,728
52.7,14840 ,"3,110"
52.6,12937 ,"1,723"
52,13092 ,"2,527"
51.8,14747 ,"2,261"
51.7,14801 ,"5,638"
51.7,13491 ,"3,741"
51.6,13863 ,793
51.3,12770 ,245
51.3,14879 ,"2,231"
51.3,12149 ,"2,415"
51.2,14008 ,"1,295"
50.7,14091 ,"1,078"
50.5,13334 ,"1,498"
50.5,14101 ,"2,171"
50.3,13807 ,"1,217"
50.2,13411 ,"3,453"
50,13622 ,"2,980"
50,12860 ,815
49.6,13780 ,"1,111"
49.6,14462 ,594
49.5,12116 ,"1,949"
49.4,12958 ,"1,843"
49.4,14037 ,855
49.1,12763 ,709
49,14711 ,"1,976"
48.8,12193 ,"1,915"
48.8,14065 ,"1,825"
48.7,14782 ,"2,680"
48.7,12724 ,368
48.3,13468 ,475
48.3,14842 ,808
47.8,14054 ,"1,189"
47.7,12944 ,"4,386"
47.6,14486 ,268
47.5,14138 ,"2,250"
47.5,12965 ,454
47.4,12581 ,"1,936"
47.1,14727 ,"5,161"
47.1,12052 ,"1,477"
47.1,12767 ,140
47,14858 ,"1,713"
47,13144 ,"1,839"
46.9,12960 ,"1,443"
46.9,13318 ,"1,190"
46.9,14167 ,"1,765"
46.8,13141 ,616
46.6,14815 ,870
46.6,14823 ,"3,617"
46.6,14560 ,"1,860"
46.4,12409 ,673
46.4,14512 ,"4,765"
46.4,14841 ,909
46.1,13803 ,"4,153"
46,14039 ,86
46,14129 ,"1,436"
46,13614 ,412
45.9,14736 ,240
45.6,14062 ,"3,311"
45.6,13416 ,"2,385"
45.3,12493 ,313
45.1,14055 ,"1,461"
45.1,13830 ,"5,020"
45.1,13433 ,"2,000"
45,13620 ,"2,101"
44.8,12028 ,"1,024"
44.5,14549 ,5
44.4,12087 ,886
44.3,12046 ,772
44.3,12521 ,"1,470"
44.2,13061 ,"1,193"
43.9,13754 ,"3,561"
43.8,12726 ,"1,312"
43.7,13450 ,104
43.6,12913 ,"1,280"
43.5,14743 ,"1,890"
43.4,14812 ,"3,369"
43.4,13438 ,"3,821"
43.4,14748 ,793
43.2,12153 ,786
43.2,13335 ,"1,650"
43.2,14809 ,"2,413"
43.2,12448 ,514
43.1,13804 ,657
42.9,14777 ,656
42.8,14818 ,"1,598"
42.6,13786 ,664
42.5,13654 ,"3,000"
42.4,14013 ,"1,732"
42.3,12817 ,"2,358"
42.2,13439 ,"3,655"
42.2,13418 ,220
42,14415 ,61
42,14813 ,"2,559"
41.3,14755 ,"3,120"
41.3,12503 ,874
41.1,13864 ,"1,096"
41,13316 ,"6,655"
40.7,12924 ,114
40.7,14807 ,"2,764"
40.7,12407 ,137
40.6,13309 ,"5,940"
40.6,14775 ,"2,284"
40.5,13459 ,"2,069"
40.3,12122 ,"4,372"
40.3,12926 ,"1,954"
40.3,12138 ,"3,247"
39.8,12120 ,700
39.8,13071 ,989
39.6,12959 ,"1,532"
39.4,14507 ,"1,292"
39.3,12987 ,244
39.2,14171 ,"2,005"
39,13691 ,"2,948"
38.9,12966 ,"3,352"
38.6,12439 ,303
38.4,14591 ,"1,552"
38.4,12946 ,"5,124"
38.3,14873 ,"2,832"
38.2,12060 ,"1,324"
38.2,13147 ,"1,372"
38.2,14803 ,956
38,12197 ,"2,560"
37.8,14861 ,"1,305"
37.7,14767 ,"2,021"
37.6,12529 ,"2,515"
37.5,14836 ,"1,127"
37.5,12941 ,"1,530"
37.5,12136 ,682
37.4,13608 ,"1,502"
37.2,13364 ,110
37.2,13660 ,"2,019"
37.2,13146 ,"2,036"
37.1,13736 ,"2,252"
37.1,14826 ,"2,264"
36.9,13808 ,"1,362"
36.9,14719 ,"3,501"
36.8,13843 ,"2,007"
36.8,12996 ,"1,905"
36.8,14878 ,590
36.7,13680 ,"1,301"
36.7,13081 ,"1,062"
36.7,14418 ,"1,371"
36.6,12023 ,"2,120"
36.5,13471 ,"3,442"
36.4,14113 ,620
36.3,12741 ,304
36.3,12434 ,515
36.3,12042 ,158
36.2,12778 ,211
36.2,10020 ,1
36.2,12967 ,"1,361"
36.1,14737 ,"3,997"
36.1,12169 ,346
36.1,14897 ,921
36,14741 ,"2,218"
35.7,14855 ,"1,002"
35.4,14889 ,"1,594"
35.3,13052 ,"1,745"
35.3,12494 ,662
35.2,13844 ,847
35.1,12031 ,114
34.9,13484 ,89
34.7,12175 ,770
34.6,13856 ,"6,570"
34.6,14898 ,"2,021"
34.5,12496 ,"1,632"
34.4,13775 ,"1,841"
34.4,12983 ,"7,958"
34.3,12064 ,392
34.3,13303 ,"1,213"
34.1,14739 ,"2,699"
34.1,13337 ,634
34,14754 ,565
33.9,13625 ,"1,920"
33.9,12155 ,"1,934"
33.8,13696 ,63
33.8,13302 ,"1,551"
33.8,13656 ,"2,895"
33.8,13618 ,"1,795"
33.7,13361 ,955
33.5,12502 ,"1,114"
33.4,14805 ,944
33.2,12474 ,"1,467"
33.2,14724 ,"2,486"
33.2,13846 ,271
33.2,13661 ,"1,676"
33,12736 ,201
32.9,13650 ,"1,433"
32.9,13333 ,56
32.8,12914 ,"1,053"
32.6,11957 ,713
32.4,13665 ,"1,413"
32.3,12436 ,500
32.2,12814 ,"1,477"
32.2,12495 ,294
32.2,12998 ,391
32.1,13348 ,"1,188"
32.1,14082 ,322
32,13343 ,"1,830"
32,14709 ,"1,617"
31.7,13750 ,858
31.5,14735 ,"2,627"
31.4,13835 ,"1,326"
31.4,13155 ,643
31.3,14542 ,58
31.3,12910 ,"2,046"
31.2,14806 ,"2,149"
30.9,14536 ,568
30.5,13697 ,"2,009"
30.5,12732 ,787
30.4,13839 ,"1,214"
30.4,12147 ,603
30.3,13483 ,212
30,14781 ,"2,181"
30,14731 ,"1,374"
29.9,12920 ,"2,813"
29.8,14728 ,801
29.8,12166 ,"1,314"
29.7,14804 ,"1,662"
29.7,14060 ,531
29.7,12827 ,"3,705"
29.5,12418 ,408
29.5,13788 ,"1,042"
29.4,13757 ,"1,098"
29.4,12758 ,"4,529"
29.4,13315 ,"1,450"
29.3,13083 ,"1,704"
29.1,12022 ,944
28.8,14824 ,654
28.6,12743 ,252
28.5,13682 ,896
28.5,14822 ,"1,415"
28.5,13464 ,"1,093"
28.4,13613 ,"2,385"
28.3,14066 ,"1,149"
28.3,12873 ,598
28,13368 ,"1,307"
27.8,12917 ,"1,198"
27.7,13652 ,"1,864"
27.6,12071 ,255
27.6,12452 ,237
27.5,13355 ,802
27.5,13810 ,"1,104"
27.4,12093 ,"1,812"
27.3,12435 ,274
27.2,12036 ,202
27.2,13301 ,71
27.2,13630 ,"1,318"
27.2,12007 ,33
26.9,12459 ,205
26.8,13679 ,"1,810"
26.8,13320 ,"2,064"
26.7,14024 ,"1,700"
26.7,12815 ,"1,056"
26.6,14723 ,"1,149"
26.5,12442 ,881
26.4,12750 ,118
26.2,12764 ,"1,607"
26.2,14784 ,766
26.1,12454 ,292
26,12430 ,"1,034"
26,13493 ,"2,034"
25.7,13040 ,"2,482"
25.6,14859 ,800
25.4,14714 ,464
25.4,12455 ,"1,978"
25.4,13693 ,534
25.1,13658 ,"1,979"
25,14708 ,264
24.9,12444 ,386
24.9,13136 ,464
24.8,12740 ,"1,867"
24.7,12986 ,"6,176"
24.6,12468 ,"1,077"
24.5,12981 ,"2,612"
24.2,13832 ,673
24.1,12930 ,875
24.1,12928 ,"1,843"
24.1,13681 ,823
24,14729 ,853
23.9,12422 ,244
23.7,12835 ,"2,353"
23.7,12985 ,"1,315"
23.5,13342 ,188
23.5,13158 ,"1,676"
23.2,13124 ,109
23.2,11430 ,171
23.1,14880 ,"1,272"
22.8,13646 ,"2,681"
22.8,13640 ,288
22.8,14846 ,785
22.7,12187 ,522
22.6,13739 ,911
22.5,12784 ,51
22.4,13485 ,994
22.4,12993 ,"1,619"
22.1,13813 ,629
21.8,14717 ,602
21.8,12464 ,963
21.6,13626 ,"2,147"
21.4,12768 ,758
21.3,14820 ,655
21,12932 ,"1,357"
21,13755 ,"1,287"
21,12421 ,411
20.9,14885 ,880
20.9,12861 ,698
20.9,12912 ,"1,982"
20.9,14721 ,78
20.8,12469 ,707
20.7,13415 ,41
20.6,12076 ,"1,582"
20.2,12950 ,956
20.1,13494 ,361
20,13621 ,561
19.8,12997 ,"1,296"
19.8,13064 ,26
19.3,14753 ,"1,065"
19.1,12776 ,"2,123"
19.1,12134 ,"3,736"
18.8,13324 ,"2,331"
18.7,14819 ,773
18.5,13860 ,17
18.4,13783 ,"2,199"
18.2,13367 ,"8,565"
18.1,12934 ,"1,066"
18,12970 ,972
17.8,13690 ,935
17.7,13072 ,832
17.5,12480 ,594
17.5,13472 ,260
17,13633 ,352
16.9,13801 ,"1,169"
16.9,14839 ,744
16.9,12410 ,696
16.8,12406 ,729
16.8,12886 ,244
16.7,12936 ,517
16.7,13488 ,70
16.6,13486 ,547
16.6,12769 ,82
16.6,12017 ,332
16.6,13782 ,611
16.5,12808 ,414
16.4,12786 ,292
16.4,12935 ,"1,676"
15.9,13454 ,688
15.3,12853 ,"1,351"
15.3,12131 ,114
15.1,12427 ,620
15.1,12836 ,670
14.9,12942 ,791
14.7,13635 ,831
14.6,13847 ,48
14.6,13752 ,729
14.5,13327 ,"1,973"
14,12720 ,187
14,12777 ,757
13.9,12952 ,402
13.8,13489 ,598
13.8,13473 ,639
13.8,12424 ,246
13.4,12955 ,465
12.3,12857 ,533
12.2,12416 ,62
12.2,13325 ,942
12.1,12923 ,635
12,13740 ,475
11.8,12760 ,505
11.8,12945 ,476
11.5,13731 ,"1,066"
11.3,10910 ,24
11.2,14783 ,350
11.1,13648 ,"2,094"
10.8,14877 ,460
10.7,12819 ,316
10.7,13756 ,498
10.1,13639 ,199
10.1,13470 ,695
10,12194 ,155
10,13659 ,568
9.8,12870 ,"1,122"
9.7,12810 ,654
9.6,12878 ,832
9.5,14884 ,185
9.1,11973 ,40
9,12492 ,348
9,12450 ,89
9,12032 ,836
8.6,13441 ,31
8.5,13666 ,361
7.5,12164 ,370
7.4,13360 ,487
7,13684 ,"1,116"
6.6,13670 ,490
6.5,13672 ,826
6.4,12874 ,139
6.4,12989 ,957
6.3,13312 ,408
6.3,12843 ,372
5.9,12973 ,219
5.5,13420 ,"1,278"
5.4,12441 ,34
5.2,12841 ,89
5,12858 ,56
4.8,12190 ,856
4.8,12842 ,956
4.5,13437 ,435
4.5,13695 ,78
4.3,12980 ,"1,122"
4.2,13338 ,"1,032"
4.1,12976 ,163
3.9,12969 ,391
3.9,12852 ,493
3.8,13687 ,543
3.2,12964 ,113
3,12108 ,445
2.9,12725 ,194
2,12943 ,207
2,12862 ,5
2,12812 ,130
1.9,12851 ,221
1.9,10911 ,2
1.8,12927 ,228
1.7,13331 ,148
1.3,13436 ,64
1,12856 ,66
0.9,12855 ,172
0.9,12139 ,226
0.9,12847 ,418
0.8,12922 ,36
0.2,13353 ,31
